{
  "game_stats": {
    "wins": {
      "0": 492,
      "1": 508
    },
    "avg_length": 59.606,
    "std_length": 6.974579843976266
  },
  "scenarios": {
    "s1_elimination": {
      "correct": false,
      "prob_correct": 0.013868404552340508,
      "predicted": 3
    },
    "s2_ordering": {
      "correct": true,
      "prob_in_range": 0.5219710469245911,
      "predicted": 6
    },
    "s3_cross_elim": {
      "correct": false,
      "prob_valid": 0.229056715965271,
      "prob_eliminated": 0.00011765920498874038
    },
    "s4_constraint": {
      "correct": true,
      "prob_eliminated": 0.0023992150090634823
    },
    "s5_determined": {
      "correct": false,
      "prob_correct": 0.05510098487138748
    },
    "s6_targeting": {
      "predicted_pos": 1,
      "predicted_val": 4
    }
  },
  "attention": {
    "layer_0": {
      "my_to_opp": 0.07641240981396714,
      "my_to_my": 0.035731683524726346,
      "opp_to_my": 0.029714488081674508,
      "opp_to_opp": 0.07465737865882428,
      "phase_to_opp": 0.0367097990932411,
      "phase_to_my": 0.0329318107046517,
      "same_color": 0.08265978926929779,
      "same_color_vs_diff_color": 1.2154537528150908,
      "diff_color": 0.06800735040543576,
      "to_hidden": 0.08722155980256216,
      "to_hidden_vs_to_revealed": 1.1966997576617258,
      "to_revealed": 0.07288508186296241,
      "opp_to_opp_adj": 0.08606687824236824,
      "opp_to_opp_adj_vs_opp_to_opp_nonadj": 1.7454759000592568,
      "opp_to_opp_nonadj": 0.04930854573211029
    },
    "layer_1": {
      "my_to_opp": 0.06917457187166393,
      "my_to_my": 0.04409822189386299,
      "opp_to_my": 0.034634992053975064,
      "opp_to_opp": 0.08412523298237905,
      "phase_to_opp": 0.049470157679758375,
      "phase_to_my": 0.05218037851113707,
      "same_color": 0.06918987751612388,
      "same_color_vs_diff_color": 1.0116428837862925,
      "diff_color": 0.06839357902382091,
      "to_hidden": 0.0733031328427381,
      "to_hidden_vs_to_revealed": 1.0638248118234737,
      "to_revealed": 0.0689052671342485,
      "opp_to_opp_adj": 0.1623126738489682,
      "opp_to_opp_adj_vs_opp_to_opp_nonadj": 4.524259251232881,
      "opp_to_opp_nonadj": 0.03587607712903217
    },
    "layer_2": {
      "my_to_opp": 0.04357864706218591,
      "my_to_my": 0.01232561796284497,
      "opp_to_my": 0.01566278219672482,
      "opp_to_opp": 0.05397386266853887,
      "phase_to_opp": 0.030271686151563584,
      "phase_to_my": 0.022501013803256118,
      "same_color": 0.033846206366930864,
      "same_color_vs_diff_color": 0.5615364856139811,
      "diff_color": 0.060274278224189834,
      "to_hidden": 0.09692606765230598,
      "to_hidden_vs_to_revealed": 11.123639388032588,
      "to_revealed": 0.008713521202115224,
      "opp_to_opp_adj": 0.09502009372842583,
      "opp_to_opp_adj_vs_opp_to_opp_nonadj": 3.770475026593476,
      "opp_to_opp_nonadj": 0.025201093511624174
    },
    "layer_3": {
      "my_to_opp": 0.07795808430209766,
      "my_to_my": 0.031194058611567935,
      "opp_to_my": 0.035342603069442424,
      "opp_to_opp": 0.08212094616526783,
      "phase_to_opp": 0.07115692413018135,
      "phase_to_my": 0.03021838816842221,
      "same_color": 0.07324943689509919,
      "same_color_vs_diff_color": 0.8602101485866315,
      "diff_color": 0.08515295595553214,
      "to_hidden": 0.20597058712517133,
      "to_hidden_vs_to_revealed": 10.789189762333237,
      "to_revealed": 0.01909045921541274,
      "opp_to_opp_adj": 0.1235540581136557,
      "opp_to_opp_adj_vs_opp_to_opp_nonadj": 1.9622676958023098,
      "opp_to_opp_nonadj": 0.06296493509930526
    }
  },
  "attention_flow": {
    "computed": true
  },
  "probing": {
    "probe_accuracy": 0.645125348189415,
    "top3_accuracy": 0.9062674094707521,
    "random_baseline": 0.07692307692307693,
    "majority_baseline": 0.09930362116991644,
    "constraint_baseline": 0.07787686160945212,
    "n_train": 28719,
    "n_test": 7180,
    "verdict": "MODEL ENCODES BELIEF STATE BEYOND CONSTRAINT MATRIX"
  }
}